{"cameraMode":{"drawMode":0,"name":"Shaded","section":"Shading Mode"},"sceneLighting":true,"audioPlay":false,"sceneViewState":{"m_AlwaysRefresh":false,"showFog":true,"showSkybox":true,"showFlares":true,"showImageEffects":true,"showParticleSystems":true,"showVisualEffectGraphs":true,"m_FxEnabled":true},"in2DMode":false,"pivot":{"x":-2.8376424312591554,"y":-1.4736976623535157,"z":19.171016693115236},"rotation":{"x":-0.03899155929684639,"y":0.0020897516515105964,"z":-0.00008961590356193483,"w":-0.9992611408233643},"size":24.789663314819337,"orthographic":false}